Date,Time,Platform,Type,Content,Hashtags,Status
2025-07-16,10:00,linkedin,text,"In today's fast-evolving digital landscape, the intersection of AI and cybersecurity is not just a trend‚Äîit's a necessity. At CyberGen, we're pioneering this transformation by integrating AI-driven solutions that not only enhance IT infrastructure but also fortify your enterprise against emerging cyber threats. üåê

Our personalized approach ensures that your business is equipped with cutting-edge tools to optimize operations and secure your digital assets. Whether you're a startup or a global enterprise, our scalable solutions are designed to meet your unique needs, empowering you to focus on growth and innovation.

Join us in redefining the future of IT solutions and cybersecurity. Discover how CyberGen can elevate your enterprise to new heights of efficiency and security. Let's build a resilient digital future together. üí°","CyberGen AICybersecurity DigitalTransformation ITSolutions EnterpriseEfficiency",Pending
2025-07-19,15:00,linkedin,text,"In today's rapidly evolving digital landscape, the integration of AI in cybersecurity isn't just a trend‚Äîit's a necessity. At CyberGen, we're at the forefront of this transformation, empowering enterprises to modernize their IT infrastructure while fortifying their defenses against cyber threats. 

Our AI-driven solutions are designed to not only enhance security but also optimize operational efficiency, providing businesses with the tools they need to thrive in a competitive market. Whether you're looking to shield your enterprise from potential threats or leverage machine learning for automation and data insights, CyberGen offers personalized solutions tailored to your unique needs.

Join us in embracing the future of cybersecurity and IT solutions. Let's build a safer, more efficient digital world together.","CyberGen Cybersecurity AI DigitalTransformation ITSolutions",Pending
2025-07-23,10:00,linkedin,text,"In today's rapidly evolving digital landscape, the integration of AI in cybersecurity is not just an advantage‚Äîit's a necessity. At CyberGen, we are at the forefront of this transformation, leveraging AI-driven solutions to fortify your IT infrastructure and enhance operational efficiency. 

Our personalized approach ensures that your enterprise is shielded from emerging cyber threats while optimizing your operations for maximum productivity. By combining cutting-edge AI, robust security measures, and expert software solutions, we empower businesses to navigate the complexities of digital transformation with confidence.

Are you ready to modernize your IT infrastructure and secure your enterprise's future? Discover how CyberGen can be your partner in innovation and security. Let's build a safer, smarter tomorrow together.","Cybersecurity AI DigitalTransformation Innovation ITSolutions",Pending
2025-07-26,15:00,linkedin,text,"In today's digital landscape, the integration of AI in cybersecurity is not just a trend‚Äîit's a necessity. At CyberGen, we are at the forefront of this evolution, empowering businesses to modernize their IT infrastructure while safeguarding their operations against ever-evolving cyber threats.

Our AI-driven solutions are designed to enhance enterprise efficiency by automating routine tasks, providing real-time threat detection, and offering predictive analytics that keep your business one step ahead. Whether you're a small enterprise or a large corporation, our personalized approach ensures that your unique needs are met with precision and expertise.

Join the ranks of forward-thinking businesses that are leveraging AI to transform their IT operations and security posture. Discover how CyberGen can help you navigate the complexities of digital transformation with confidence and agility.","CyberSecurity AI DigitalTransformation ITSolutions CyberGen",Pending
2025-07-30,10:00,linkedin,text,"In today's rapidly evolving digital landscape, the integration of AI into cybersecurity is not just an advantage‚Äîit's a necessity. At CyberGen, we are at the forefront of this transformation, leveraging AI-driven solutions to empower businesses in modernizing their IT infrastructure and safeguarding their operations against ever-evolving cyber threats.

Our innovative approach combines cutting-edge AI technology with deep security expertise to deliver scalable, personalized solutions that enhance enterprise efficiency and resilience. Whether you're looking to optimize your operations or fortify your cybersecurity measures, our team is dedicated to providing the tools and insights you need to stay ahead.

Join us in redefining the future of IT solutions and cybersecurity. Let's build a safer, smarter digital world together. Connect with us to learn how CyberGen can transform your enterprise's security and operational capabilities.","CyberGen Cybersecurity AI DigitalTransformation ITSolutions",Pending
2025-08-02,15:00,linkedin,text,"In today's rapidly evolving digital landscape, the integration of AI in cybersecurity is not just an advantage‚Äîit's a necessity. At CyberGen, we're at the forefront of this transformation, harnessing the power of AI to fortify IT infrastructure and safeguard enterprises against emerging threats. Our AI-driven solutions are designed to not only protect but also enhance operational efficiency, ensuring your business stays resilient and competitive.

By leveraging machine learning, we provide real-time threat detection and automated responses, minimizing risks and maximizing uptime. Our personalized approach ensures that each solution is tailored to meet the unique needs of your organization, empowering you to focus on growth without compromising security.

Join the future of cybersecurity with CyberGen and transform your IT infrastructure into a robust, intelligent defense system. Let's innovate together and build a secure digital future.","Cybersecurity AI DigitalTransformation ITSolutions",Pending
2025-08-06,10:00,linkedin,text,"In today's rapidly evolving digital landscape, the integration of AI in cybersecurity is not just an advantage‚Äîit's a necessity. At CyberGen, we're at the forefront of this transformation, empowering businesses to modernize their IT infrastructure while safeguarding against emerging threats. Our AI-driven solutions are designed to enhance operational efficiency and provide robust protection, ensuring your enterprise is always a step ahead. 

Whether you're looking to optimize operations or fortify your cybersecurity measures, our personalized approach ensures that your unique needs are met with precision and expertise. Discover how CyberGen can help you leverage AI to transform your business and secure your future. Let's build a safer, smarter digital world together.","Cybersecurity AI DigitalTransformation ITSolutions CyberGenInnovation",Pending
2025-08-09,15:00,linkedin,text,"In today's rapidly evolving digital landscape, the integration of AI in cybersecurity is not just an advantage‚Äîit's a necessity. At CyberGen, we are at the forefront of this revolution, empowering businesses to modernize their IT infrastructure while safeguarding their operations against emerging threats. 

Our AI-driven solutions are designed to provide real-time threat detection, predictive analytics, and automated responses, ensuring your enterprise stays one step ahead of cyber adversaries. By leveraging machine learning, we help organizations not only enhance their security posture but also optimize operational efficiency and drive digital transformation.

Join us in embracing the future of cybersecurity. Discover how CyberGen can tailor solutions to protect and elevate your business. Let's build a secure and efficient digital ecosystem together.","Cybersecurity AI DigitalTransformation ITSolutions",Pending